municipio_norm;pago;pessoal;pessoal_ativos
ADAMANTINA;306270685.00;163041074.68;151007921.27
ADOLFO;44610646.87;21379371.81;21302015.37
AGUAI;159405592.94;61877919.88;61463730.11
AGUASDAPRATA;55017130.70;27512269.58;20705608.78
AGUASDELINDOIA;165998803.16;71294938.78;69434821.10
AGUASDESANTABARBARA;76307507.78;33503973.21;32671088.29
AGUASDESAOPEDRO;54195225.33;22456879.99;21311952.53
AGUDOS;220963852.41;108324750.43;97970423.63
ALAMBARI;43196514.39;20917124.84;20351053.39
ALFREDOMARCONDES;34549284.12;16278642.12;15934237.84
ALTAIR;40495618.51;19557360.93;19536579.82
ALTINOPOLIS;119072888.53;55663718.38;49233141.03
ALTOALEGRE;42346271.64;21290601.45;20295958.59
ALUMINIO;131159676.16;69594730.47;68722102.15
ALVARESFLORENCE;38768899.51;18544343.34;18206142.29
ALVARESMACHADO;128223224.08;43863977.46;42813066.34
ALVARODECARVALHO;32727890.79;15483212.48;12203334.85
ALVINLANDIA;30014788.20;15466649.15;14531503.00
AMERICANA;1387778409.46;559768596.25;521387912.15
AMERICOBRASILIENSE;155806298.04;88305252.02;87158849.35
AMERICODECAMPOS;43838675.71;21349033.58;20550800.56
AMPARO;485890497.03;185533754.68;168573558.39
ANALANDIA;53981640.52;26485495.24;26290404.56
ANDRADINA;329323166.96;163324472.38;146226192.84
ANGATUBA;146383846.75;75570000.99;72885630.89
ANHEMBI;50290561.98;24568476.46;21097643.74
ANHUMAS;40001081.55;16149352.79;16127099.40
APARECIDA;205805688.24;114145471.23;112099468.99
APARECIDADOESTE;35319512.11;19928514.77;16602441.05
APIAI;154424486.00;54898368.80;54799029.33
ARACARIGUAMA;231965184.66;115035577.61;104376342.24
ARACATUBA;978624884.58;453261633.68;373176223.31
ARACOIABADASERRA;223959704.16;94216236.35;91968930.40
ARAMINA;42480899.24;21788149.12;21389844.14
ARANDU;71889317.58;30495046.55;24915583.49
ARAPEI;37173299.10;15994026.28;14833424.77
ARARAQUARA;1451328860.50;660666345.86;579558632.19
ARARAS;933449627.03;498937529.03;363006019.05
ARCOIRIS;28429031.29;13036966.95;12784153.50
AREALVA;53647143.12;24391380.01;24125159.00
AREIAS;35972347.17;21256039.08;20153176.59
AREIOPOLIS;56391643.01;29809363.99;29741822.11
ARIRANHA;59060040.63;30055873.49;29049777.27
ARTURNOGUEIRA;312163400.22;152428272.07;129507229.49
ARUJA;658808374.77;254736645.89;249236808.44
ASPASIA;27067768.21;13223860.94;10679534.37
ASSIS;643481816.16;370889488.26;287277937.39
ATIBAIA;1164731114.42;465055260.26;445158244.03
AURIFLAMA;91310563.12;36963997.40;36424549.27
AVAI;48503909.71;21579637.67;21211297.57
AVANHANDAVA;77255107.04;32400455.61;30868245.53
AVARE;508373406.79;224752081.54;186329482.53
BADYBASSITT;170571642.22;85062562.05;72620708.60
BALBINOS;28090414.13;13346093.47;13181693.07
BALSAMO;54281887.21;25308820.57;23841316.46
BANANAL;64870549.41;31980133.14;31638585.33
BARAODEANTONINA;31403334.25;15673122.74;15657378.74
BARBOSA;47284787.35;21065712.36;20949152.46
BARIRI;182200921.27;87693684.63;86765067.29
BARRABONITA;206376804.55;94069218.36;90472461.42
BARRADOCHAPEU;44560563.33;19332700.13;18229650.50
BARRADOTURVO;57745031.81;26412567.54;26412567.54
BARRETOS;1121770804.73;540348131.47;427203331.17
BARRINHA;158356424.01;84025864.25;83754258.68
BARUERI;5302938903.35;2300221995.28;1963668538.64
BASTOS;130247544.71;68312598.86;67814617.72
BATATAIS;336385855.64;152717431.96;144817336.94
BAURU;2277455610.08;1153045696.77;785930436.61
BEBEDOURO;480062117.64;262988662.12;206226817.49
BENTODEABREU;38674753.22;17799649.30;17054615.53
BERNARDINODECAMPOS;72012096.68;32235140.98;30694048.16
BERTIOGA;949987233.12;403669614.25;338422645.03
BILAC;59977081.57;31977176.57;24949272.01
BIRIGUI;604518708.97;345136501.87;248561885.70
BIRITIBAMIRIM;153348639.45;63896849.05;51930033.88
BOAESPERANCADOSUL;98399723.42;42208403.63;41624033.19
BOCAINA;65085234.71;34129342.98;32368722.40
BOFETE;88436142.32;41442361.37;40272536.56
BOITUVA;413071261.37;189722289.74;186010873.11
BOMJESUSDOSPERDOES;159334772.18;90187474.11;75720363.18
BOMSUCESSODEITARARE;31548403.32;14252345.66;13742245.53
BORA;23697525.97;9933488.26;9831090.74
BORACEIA;40164420.45;17153303.20;16752280.04
BORBOREMA;103948548.54;46425583.62;45699400.06
BOREBI;40737158.44;17291066.82;17193895.97
BOTUCATU;782857612.48;306320031.49;218654945.40
BRAGANCAPAULISTA;952554074.69;339055507.14;308969548.94
BRAUNA;42795377.98;17014942.37;16858537.03
BREJOALEGRE;29395511.49;15184606.82;15184606.82
BRODOWSKI;167600298.06;74559928.46;61888800.86
BROTAS;181953270.79;92187634.59;89527643.02
BURI;147119178.62;82408622.06;72717432.26
BURITAMA;136328157.99;62506367.83;51778583.42
BURITIZAL;51073967.06;24340153.66;24189927.65
CABRALIAPAULISTA;37103815.45;17024001.00;16720100.28
CABREUVA;340563288.75;151499114.20;147399307.84
CACAPAVA;452731293.15;210793445.66;190712507.55
CACHOEIRAPAULISTA;129674544.37;72928127.54;70641519.54
CACONDE;93404860.74;41651949.95;41605178.81
CAFELANDIA;108495600.32;45698220.56;45178510.34
CAIABU;32413954.39;14808436.33;14681639.29
CAIEIRAS;500947869.65;226427286.67;196945020.33
CAIUA;47643448.08;29835010.31;23892052.92
CAJAMAR;1132023335.69;394440296.85;331478260.18
CAJATI;195849948.26;87202106.01;87202106.01
CAJOBI;60118313.02;26349685.58;25655606.06
CAJURU;120637367.06;55225214.72;54275105.37
CAMPINADOMONTEALEGRE;42263214.66;21418530.16;21418530.16
CAMPINAS;10136520355.05;4162415322.45;2772077225.59
CAMPOLIMPOPAULISTA;372431397.25;149388376.56;148125017.32
CAMPOSDOJORDAO;367243109.97;140972137.71;139684968.36
CAMPOSNOVOSPAULISTA;53851100.54;22942847.19;22886947.19
CANANEIA;83758066.83;40008657.72;38926116.58
CANAS;36072847.08;20584633.46;20162615.99
CANDIDOMOTA;216204352.60;112934945.44;77594517.36
CANDIDORODRIGUES;34478315.65;17348800.64;14037137.61
CANITAR;39017406.63;19070723.76;19070723.76
CAPAOBONITO;284617715.20;135822261.86;129918963.83
CAPELADOALTO;130680033.52;60615392.02;60071588.95
CAPIVARI;391407208.74;196432609.61;161414479.56
CARAGUATATUBA;1186137508.02;535399958.96;462165715.54
CARAPICUIBA;1113293526.49;382281250.54;369466338.77
CARDOSO;84445005.86;45901612.28;36002592.19
CASABRANCA;198803290.95;74903475.45;68462256.20
CASSIADOSCOQUEIROS;29566444.11;16128498.52;16114273.58
CASTILHO;173807931.59;73684785.12;71030221.57
CATANDUVA;859091590.08;394491163.17;280949717.14
CATIGUA;41032114.57;15800188.91;14972421.93
CEDRAL;88340660.09;40311226.71;39830785.13
CERQUEIRACESAR;135386219.56;71313728.90;58336367.27
CERQUILHO;297647975.80;154164351.45;116012336.44
CESARIOLANGE;116590140.22;53844936.30;53659557.26
CHARQUEADA;96718631.26;37499075.38;36131919.89
CHAVANTES;64760316.94;34792571.80;34254789.03
CLEMENTINA;50377284.56;20327882.25;19646876.87
COLINA;154885706.33;81433421.09;73674295.09
COLOMBIA;79375556.61;44414872.42;43080936.02
CONCHAL;186791095.78;97937012.52;81885237.91
CONCHAS;97920569.80;58458704.24;56358816.83
CORDEIROPOLIS;272091828.98;117114708.49;112793583.21
COROADOS;43227942.18;19545471.96;19460160.30
CORONELMACEDO;51472381.13;29173064.11;24356476.39
CORUMBATAI;53409561.46;24104078.55;24003156.45
COSMOPOLIS;317871579.00;151882125.46;137256711.64
COSMORAMA;64385779.00;32009737.92;31530728.54
COTIA;1585480271.74;679848407.49;549630424.54
CRAVINHOS;324369904.41;110589118.54;87439703.30
CRISTAISPAULISTA;59899849.85;28862951.53;28638757.19
CRUZALIA;33453203.23;14793318.55;14341348.35
CRUZEIRO;360858710.30;179201930.83;167985035.43
CUBATAO;1845826374.38;884198816.70;510374549.90
CUNHA;124219283.60;56123362.18;54812856.18
DESCALVADO;194108707.74;93686876.34;92417522.79
DIADEMA;2126094311.01;1132466244.93;775488661.82
DIRCEREIS;28822324.06;16020038.72;12778825.14
DIVINOLANDIA;70406051.83;46617718.03;31937406.13
DOBRADA;43318783.67;22637349.48;22314906.28
DOISCORREGOS;145044023.40;55667513.64;54835425.39
DOLCINOPOLIS;26419850.39;14114948.09;13928071.23
DOURADO;64590830.70;33047760.01;32284350.95
DRACENA;243052891.87;115072106.95;109258111.85
DUARTINA;72353713.03;32756507.00;32402510.41
DUMONT;64385175.47;26035104.17;24942017.29
ECHAPORA;49714429.23;20260576.78;19462606.03
ELDORADO;88899566.93;46618550.31;46333651.68
ELIASFAUSTO;123053352.68;51447632.33;47626714.12
ELISIARIO;32137154.28;17566272.68;17456976.68
EMBAUBA;28699630.87;12262742.20;12159946.60
EMBUDASARTES;1179971315.14;528218924.83;468871329.06
EMBUGUACU;276943852.80;166158753.52;137984806.86
EMILIANOPOLIS;30274790.79;16766225.49;16766225.49
ENGENHEIROCOELHO;109954087.76;64329467.93;59126274.85
ESPIRITOSANTODOPINHAL;201026520.25;80419859.77;76570568.61
ESPIRITOSANTODOTURVO;39279374.13;19508618.44;19508618.44
ESTIVAGERBI;75592425.73;37289280.29;36343139.46
ESTRELADOESTE;78497116.38;40535931.57;30332795.84
ESTRELADONORTE;30674401.24;17388012.95;17388012.95
EUCLIDESDACUNHAPAULISTA;58084187.49;24917998.31;24417433.22
FARTURA;97267719.18;46029003.54;44746511.92
FERNANDOPOLIS;363222619.77;213114039.74;172273271.71
FERNANDOPRESTES;51706671.50;23114898.36;23104147.36
FERNAO;26925905.62;13736119.77;12206775.99
FERRAZDEVASCONCELOS;693067480.94;311533668.72;300301209.79
FLORARICA;26958287.71;14639729.01;14107314.88
FLOREAL;39337378.31;22317752.30;15506986.53
FLORIDAPAULISTA;61178306.05;30578560.02;28861120.14
FLORINEA;37672891.46;14932934.14;14541341.82
FRANCA;1330387124.21;572706893.35;534841367.87
FRANCISCOMORATO;645757002.57;336956841.07;278893831.79
FRANCODAROCHA;667434424.73;318390144.80;279425010.56
GABRIELMONTEIRO;29894057.00;13271038.45;12947257.61
GALIA;47854317.19;21419624.75;21067770.17
GARCA;250075244.31;116915494.90;87335617.41
GASTAOVIDIGAL;36094702.33;17602465.54;13141954.12
GAVIAOPEIXOTO;83561609.44;34303342.80;34303342.80
GENERALSALGADO;79681804.12;47669543.66;33949015.31
GETULINA;55862046.88;28404106.62;26902855.77
GLICERIO;40900979.56;17597137.56;17139001.91
GUAICARA;68233518.97;28460705.60;27477225.05
GUAIMBE;47019859.09;26716033.44;21651779.68
GUAIRA;346479143.50;185988454.81;147350574.78
GUAPIACU;133311587.35;62394847.49;51448879.77
GUAPIARA;99817379.77;54410955.39;54298144.67
GUARA;121231987.02;62556661.71;61037889.79
GUARACAI;57453329.70;25081493.34;24155357.46
GUARACI;96767086.55;52729749.14;44479309.78
GUARANIDOESTE;27607416.88;12853632.15;12363408.92
GUARANTA;46772313.51;22633111.58;22592693.79
GUARARAPES;185466474.25;81319021.52;76137977.87
GUARAREMA;371165389.35;84475220.75;83389893.16
GUARATINGUETA;568272584.79;254807010.02;248922368.54
GUAREI;75929994.40;41827809.11;40757814.35
GUARIBA;206765947.40;97023504.96;96728193.78
GUARUJA;2264159425.18;1157329453.71;1037962463.15
GUARULHOS;6335579491.38;2652163741.40;2311773928.17
GUATAPARA;54109285.52;29781415.36;29086181.90
GUZOLANDIA;32912746.55;15793556.27;15757623.47
HERCULANDIA;58253867.13;29711273.41;26874539.18
HOLAMBRA;162510477.50;72666368.95;63283465.09
HORTOLANDIA;1587372803.39;773207661.62;625321837.65
IACANGA;78381979.70;37995471.03;37880681.05
IACRI;40763626.46;20647155.12;19011419.14
IARAS;51602349.25;26603925.12;26603925.12
IBATE;176022924.94;97426656.45;80908847.31
IBIRA;74563354.15;34516578.87;33056160.92
IBIRAREMA;55112482.65;17765615.83;17656050.01
IBITINGA;290556710.01;131428563.73;119493220.60
IBIUNA;333402425.25;157346306.29;156279558.90
ICEM;69804729.74;36017311.92;34298469.60
IEPE;68027391.09;35418769.02;33975143.93
IGARACUDOTIETE;105042666.98;57055413.31;46010955.70
IGARAPAVA;184567369.01;97477112.22;75998277.42
IGARATA;85533905.16;37180425.72;36212361.84
IGUAPE;179809004.32;82253243.16;81545249.27
ILHABELA;863943426.62;292216316.29;260663701.54
ILHACOMPRIDA;132984082.05;63795115.68;63381956.47
ILHASOLTEIRA;212311358.95;122580300.40;86184686.37
INDAIATUBA;2226046444.79;860085092.49;692043685.82
INDIANA;32844696.86;16649280.16;16543007.10
INDIAPORA;41871023.92;21203596.03;20798867.68
INUBIAPAULISTA;32274874.87;14034474.99;14009896.59
IPAUSSU;88285216.24;37493191.92;37188785.97
IPERO;204583789.43;93786692.40;90804744.55
IPEUNA;56427977.48;28107154.36;24494451.37
IPIGUA;44370247.46;20697597.52;18326121.20
IPORANGA;45169994.12;21943452.74;19982970.60
IPUA;98547324.49;48015831.09;46856591.03
IRACEMAPOLIS;149947719.16;68267770.52;64619023.75
IRAPUA;44386291.98;18180902.90;17980358.20
IRAPURU;37376500.77;20446369.37;18694726.06
ITABERA;127678737.83;55587304.53;52863460.94
ITAI;200191417.99;89759373.96;74797504.26
ITAJOBI;130729180.33;61777315.51;52405800.49
ITAJU;39785220.23;18399054.96;18001095.69
ITANHAEM;674084002.73;355517361.04;284574272.63
ITAOCA;31691003.14;15618874.89;15441537.92
ITAPECERICADASERRA;728935340.21;359170204.95;333107667.51
ITAPETININGA;875934754.92;459331997.08;374372511.56
ITAPEVA;591789120.71;279892677.58;231035887.13
ITAPEVI;1126103186.21;522481311.12;444008683.09
ITAPIRA;483712398.26;276814891.34;190095037.44
ITAPIRAPUAPAULISTA;34051161.30;16798074.97;16664303.67
ITAPOLIS;242805702.52;118649694.36;106330954.25
ITAPORANGA;77859788.09;40776046.54;40776046.54
ITAPUI;101324876.69;36487448.80;36222835.44
ITAPURA;47711633.45;27709538.14;21234036.30
ITAQUAQUECETUBA;1369809769.36;544562472.89;424209454.52
ITARARE;211098368.65;98866428.70;96151301.46
ITARIRI;88021136.86;36351267.61;36351267.61
ITATIBA;762831000.11;346961350.12;328409192.38
ITATINGA;124189100.24;61642640.71;55471676.02
ITIRAPINA;152337667.98;80763835.63;79517339.57
ITIRAPUA;38009734.65;17174941.81;16442648.23
ITOBI;41412689.84;19288009.01;19288009.01
ITU;1195743880.43;461603553.98;396701430.32
ITUPEVA;534485993.40;247350280.92;233756233.63
ITUVERAVA;278782853.90;144933985.77;110360530.74
JABORANDI;63506020.47;31737511.15;25035730.19
JABOTICABAL;540418239.10;283863844.00;203133538.52
JACAREI;1515073237.56;655548237.78;483035387.27
JACI;59695525.03;27788822.52;26955080.93
JACUPIRANGA;99911384.94;47683779.78;47443005.87
JAGUARIUNA;646155451.51;248790674.31;229852671.58
JALES;276140977.59;136571106.19;96989249.43
JAMBEIRO;60110395.98;28443368.32;25956834.78
JANDIRA;530678894.99;271516254.82;238730130.02
JARDINOPOLIS;238918256.02;125121055.76;123504189.18
JARINU;270713908.52;113826394.09;112877870.16
JAU;633882657.48;234400484.52;225585051.92
JERIQUARA;36980164.11;18200152.99;18129531.67
JOANOPOLIS;87782797.37;36819285.29;36779817.29
JOAORAMALHO;39746061.82;20803168.91;14925973.44
JOSEBONIFACIO;196097836.94;86492935.74;83423827.90
JULIOMESQUITA;38302001.67;18835203.97;14564199.44
JUMIRIM;37524565.66;17681056.68;15753911.56
JUNDIAI;3877120039.24;1967398809.66;1466537152.65
JUNQUEIROPOLIS;129514504.45;58440696.01;55096467.93
JUQUIA;103192524.59;47118696.10;46799338.06
JUQUITIBA;156843690.41;55578469.24;55482469.92
LAGOINHA;40458114.92;17430493.66;16761528.60
LARANJALPAULISTA;164672029.35;86837669.44;78625078.57
LAVINIA;67872041.86;35935668.58;26538301.82
LAVRINHAS;46309834.74;22630070.51;21512769.11
LEME;596575288.38;292427794.44;221905423.69
LENCOISPAULISTA;553553614.49;271360090.50;206132453.08
LIMEIRA;1776933065.63;825512372.10;631737930.41
LINDOIA;61674305.51;25100182.38;24889685.47
LINS;371900974.85;117350248.90;109429192.12
LORENA;396444797.92;195779038.99;191967494.81
LOURDES;30229713.90;14501161.90;14387187.10
LOUVEIRA;571579152.65;253445242.87;212719463.90
LUCELIA;94939674.17;49118950.17;46078447.97
LUCIANOPOLIS;29720411.85;13619990.32;13619990.32
LUISANTONIO;103899312.21;60993174.82;59026423.25
LUIZIANIA;39456726.09;17818356.51;16873995.93
LUPERCIO;32990251.61;17600957.63;15920129.74
LUTECIA;31855255.97;15411842.17;15122656.94
MACATUBA;129176617.27;63310130.87;45208732.13
MACAUBAL;53222601.10;25084808.62;19867174.11
MACEDONIA;44479207.51;21039683.23;20858246.69
MAGDA;39836819.26;22998961.43;17059053.14
MAIRINQUE;270644400.20;124926038.62;121812735.76
MAIRIPORA;545827390.09;219328135.80;180965231.45
MANDURI;50757195.57;23884863.33;23423282.27
MARABAPAULISTA;40866507.82;27737623.35;26780182.01
MARACAI;96149423.29;43164997.68;40451325.13
MARAPOAMA;37273445.83;16501604.94;16501604.94
MARIAPOLIS;30114027.84;13940967.66;13940967.66
MARILIA;1456008604.70;706828485.63;515353117.60
MARINOPOLIS;32026297.28;17182570.75;11947874.94
MARTINOPOLIS;141310354.87;74320048.25;72036240.94
MATAO;368396225.44;160581654.82;156112077.92
MAUA;1690887193.59;614473421.11;610103888.82
MENDONCA;62178951.04;25648642.59;25473969.59
MERIDIANO;48673670.79;30013836.50;23465071.59
MESOPOLIS;33226211.74;17470754.02;14007736.52
MIGUELOPOLIS;142415379.76;82651044.10;63212105.01
MINEIROSDOTIETE;57132724.03;26535744.73;26511821.96
MIRACATU;136018088.59;49392591.56;48246456.40
MIRAESTRELA;42051511.58;20276859.64;17299934.53
MIRANDOPOLIS;144833165.49;72919505.81;54082013.75
MIRANTEDOPARANAPANEMA;119942896.59;51158415.61;50966835.71
MIRASSOL;299236908.95;140191488.19;135353685.04
MIRASSOLANDIA;36922397.34;15228543.11;14737242.33
MOCOCA;327165777.13;160885756.59;154286534.51
MOGIDASCRUZES;2452481957.48;950213158.43;730460137.68
MOGIGUACU;882649474.85;302505196.96;291197908.70
MOGIMIRIM;685877301.40;259807156.24;243038524.69
MOMBUCA;29140181.27;14503504.94;14340098.98
MONCOES;33350348.67;20968404.33;15905748.28
MONGAGUA;361730420.41;189162631.91;178767823.53
MONTEALEGREDOSUL;55192731.68;27324208.13;27301021.46
MONTEALTO;266055286.43;128514273.48;117734748.82
MONTEAPRAZIVEL;125494608.65;59660337.28;55812629.16
MONTEAZULPAULISTA;134400198.82;58754837.33;58279358.81
MONTECASTELO;43139251.16;23662889.72;17758214.67
MONTEIROLOBATO;36885930.49;17957556.69;17634255.43
MONTEMOR;420653172.16;191895730.39;166083530.00
MORROAGUDO;237278076.65;124252284.08;98096402.54
MORUNGABA;84167427.86;35512911.09;35512911.09
MOTUCA;34927515.21;17056155.54;16804483.78
MURUTINGADOSUL;39789943.69;16624103.69;16370777.47
NANTES;33767601.00;16992987.29;16992987.29
NARANDIBA;63555272.36;31686139.54;30970679.47
NATIVIDADEDASERRA;53776660.60;25567210.70;24857926.31
NAZAREPAULISTA;118278475.78;53339934.66;53011549.68
NEVESPAULISTA;59227169.89;28629393.47;22272957.42
NHANDEARA;62210089.78;33660546.63;32479555.24
NIPOA;33895342.82;18068523.07;18000986.57
NOVAALIANCA;50986785.25;25614440.08;24919151.45
NOVACAMPINA;61997694.52;31534064.82;31517003.95
NOVACANAAPAULISTA;30479900.79;15032523.41;12266648.14
NOVACASTILHO;30411776.83;17575373.45;14831874.00
NOVAEUROPA;70087709.37;37408801.83;36738364.55
NOVAGRANADA;102434043.47;42102840.46;40464377.90
NOVAGUATAPORANGA;29531844.48;14135201.43;11106097.32
NOVAINDEPENDENCIA;52845182.14;25328694.73;25235745.80
NOVAIS;38593790.22;19651212.06;19055454.45
NOVALUZITANIA;34657616.64;16847282.92;12720401.98
NOVAODESSA;325699474.06;150933477.41;146927399.27
NOVOHORIZONTE;233391097.68;91976691.04;84365456.55
NUPORANGA;66851630.00;31539812.44;30278503.23
OCAUCU;38047220.04;18821232.51;18703675.37
OLEO;33278022.13;12734161.95;11843391.29
OLIMPIA;430768911.94;185840553.84;150118582.43
ONDAVERDE;48945423.47;26943443.65;23904575.27
ORIENTE;42545080.11;19861153.40;19673431.39
ORINDIUVA;70258097.21;35122097.16;29179657.37
ORLANDIA;315532258.45;162494132.58;138215791.11
OSASCO;5127579900.55;2358242827.56;1923901955.97
OSCARBRESSANE;32003478.97;14404534.95;14004948.72
OSVALDOCRUZ;143934151.65;62059036.50;60883457.21
OURINHOS;765966341.02;345256615.91;267853181.78
OUROESTE;113624393.65;63224713.48;50675737.71
OUROVERDE;50000451.67;23225342.14;22509522.67
PACAEMBU;66353419.78;30067173.33;29096645.03
PALESTINA;87505238.21;35791892.51;35315216.95
PALMARESPAULISTA;52502123.80;20956357.03;20956357.03
PALMEIRADOESTE;55136003.18;30468309.33;22773387.07
PALMITAL;144075982.95;59751788.10;56849008.30
PANORAMA;85177401.05;47562541.35;43394863.37
PARAGUACUPAULISTA;283389341.82;165460116.27;127515431.28
PARAIBUNA;136055811.89;77243117.17;53861149.28
PARAISO;60096263.18;36527763.93;26605178.75
PARANAPANEMA;187319624.41;77742313.47;63339976.39
PARANAPUA;36936145.56;17636118.66;13908585.09
PARAPUA;69137721.61;32259139.79;30695116.22
PARDINHO;65707002.31;31168862.43;29521079.20
PARIQUERAACU;90592545.03;43407967.44;42644776.99
PARISI;35672307.69;18677516.12;14885015.05
PATROCINIOPAULISTA;110122183.37;38717397.43;37488445.95
PAULICEIA;64998336.43;32623871.48;31778697.80
PAULINIA;2786671006.94;1397755356.73;1002615404.94
PAULISTANIA;30634178.23;12970249.24;12766632.18
PAULODEFARIA;71136315.61;37331192.23;29071074.56
PEDERNEIRAS;255676137.62;112402365.37;107303471.97
PEDRABELA;38042096.14;18561891.44;18561891.44
PEDRANOPOLIS;35829605.34;17968601.52;17200507.61
PEDREGULHO;112425939.68;43448078.47;42815854.24
PEDREIRA;275600657.76;110076604.91;109928583.92
PEDRINHASPAULISTA;36930484.49;16015500.03;15827326.77
PEDRODETOLEDO;68197455.68;32695409.83;32233889.63
PENAPOLIS;378701682.36;168756240.93;158535457.72
PEREIRABARRETO;162058523.50;76033591.02;73857529.56
PEREIRAS;49865995.38;23792446.00;23419508.56
PERUIBE;450191750.22;253536435.64;216656474.52
PIACATU;41241254.79;17268749.46;17033277.25
PIEDADE;233566357.60;84822137.62;82432137.64
PILARDOSUL;144550587.21;66424327.95;66384973.71
PINDAMONHANGABA;927893647.32;391462585.56;372986383.21
PINDORAMA;93855638.13;47229984.23;44513319.18
PINHALZINHO;89888736.30;38646872.64;38646872.64
PIQUEROBI;33647764.54;17018881.39;16576063.52
PIQUETE;61338387.81;30731683.11;29848193.64
PIRACAIA;178338372.15;90893104.12;77258264.97
PIRACICABA;3002859365.63;1320705006.08;1039594735.93
PIRAJU;155734738.55;80281699.48;71996457.33
PIRAJUI;123890271.75;50786486.97;47274363.13
PIRANGI;60710694.45;26386878.70;25462488.70
PIRAPORADOBOMJESUS;114050370.69;71920170.20;66338427.42
PIRAPOZINHO;138346710.54;66864182.32;64224559.54
PIRASSUNUNGA;392655409.14;193376815.71;181806575.79
PIRATININGA;103480643.90;55627368.75;45821260.71
PITANGUEIRAS;206608661.99;109681066.83;92715214.34
PLANALTO;41734166.07;20309954.60;20309954.60
PLATINA;41434963.68;20116666.44;19877166.66
POA;486178238.85;235562343.39;231538459.54
POLONI;40655990.65;19624912.94;18584187.04
POMPEIA;182078258.09;76885998.77;75003712.43
PONGAI;38107879.17;17056998.63;17056998.63
PONTAL;190895192.37;103244465.03;97072988.78
PONTALINDA;37080679.79;19958711.41;16927528.11
PONTESGESTAL;45745443.50;25986511.13;18517325.20
POPULINA;41968838.44;20647395.96;15092991.62
PORANGABA;57770235.50;26990364.80;26702706.66
PORTOFELIZ;566762510.56;225170634.67;191364454.13
PORTOFERREIRA;313462869.99;169769578.92;129485173.93
POTIM;80893668.79;44562812.10;42606696.59
POTIRENDABA;123393184.14;54532646.81;42079000.09
PRACINHA;23199700.40;12178248.13;11474898.47
PRADOPOLIS;122421995.58;65363180.13;62450440.02
PRAIAGRANDE;2435202707.68;1350567464.10;1150342905.01
PRATANIA;42785116.72;17109098.09;16680948.41
PRESIDENTEALVES;32572905.43;12146280.04;11771786.96
PRESIDENTEBERNARDES;87717330.47;40936913.00;38337525.30
PRESIDENTEEPITACIO;201498526.31;97408499.03;94366485.24
PRESIDENTEPRUDENTE;1145479343.23;595150508.41;448677370.48
PRESIDENTEVENCESLAU;225613641.40;127745334.95;92380434.91
PROMISSAO;188429885.96;90762044.44;88952573.29
QUADRA;41722749.44;21128462.16;21059166.85
QUATA;97645855.71;52515869.28;42990696.05
QUEIROZ;48843231.72;21259427.93;21093330.50
QUELUZ;67375595.94;40891928.88;37447068.72
QUINTANA;53344819.31;20343526.26;19413142.83
RAFARD;70321696.70;33677313.60;26556052.42
RANCHARIA;183454413.98;76666729.78;74720181.07
REDENCAODASERRA;34029425.84;16458682.88;16328995.03
REGENTEFEIJO;108002272.98;51205644.88;49100807.92
REGINOPOLIS;49344644.70;24594740.05;24333812.00
REGISTRO;319153532.30;168852719.45;136811885.66
RESTINGA;46103369.06;23665637.00;22764424.35
RIBEIRA;32313363.89;12808767.57;12655074.57
RIBEIRAOBONITO;67209015.90;27093195.72;25692398.03
RIBEIRAOBRANCO;111604204.22;42295860.90;42295860.90
RIBEIRAOCORRENTE;43193662.18;20047596.14;19435679.96
RIBEIRAODOSINDIOS;25147653.60;13283602.74;11889456.16
RIBEIRAODOSUL;39071464.40;15978643.45;15355943.72
RIBEIRAOGRANDE;52967026.15;30179410.63;24192745.95
RIBEIRAOPIRES;569410498.01;224029800.96;186772901.48
RIBEIRAOPRETO;4560174098.00;2323995701.07;1454005085.19
RIFAINA;57659365.10;25073887.03;24996060.80
RINCAO;61481788.20;29268805.06;28887863.03
RINOPOLIS;54419217.80;25333958.79;23777719.58
RIOCLARO;1262954013.02;613184599.72;490583242.60
RIODASPEDRAS;210215236.10;99691493.91;96324930.02
RIOGRANDEDASERRA;155952059.39;73263761.18;63740439.97
RIOLANDIA;80953995.80;40300882.36;39410888.94
RIVERSUL;42894169.33;17826488.14;17414679.24
ROSANA;134619428.99;74898272.53;65118853.35
ROSEIRA;83569527.17;36157240.28;34656495.98
RUBIACEA;31546755.94;13484681.39;12350749.98
RUBINEIA;56497614.81;27471539.87;21669714.07
SABINO;47534463.29;22265785.24;20693913.89
SAGRES;27812128.61;14281382.95;13802844.82
SALES;59135609.96;27136010.70;21443929.47
SALESOLIVEIRA;78487255.77;39691409.44;32121512.41
SALESOPOLIS;81445396.64;37211193.23;36751945.12
SALMOURAO;30575884.64;15354778.88;15159069.37
SALTINHO;65472453.72;26597931.50;26393468.81
SALTO;724934362.80;357138445.47;344561088.03
SALTODEPIRAPORA;285848757.75;114953551.47;86814815.20
SALTOGRANDE;61162251.38;27824176.64;27795974.08
SANDOVALINA;56852005.72;28842251.09;27820652.34
SANTAADELIA;87845897.87;38717731.72;37369515.03
SANTAALBERTINA;52132515.81;28290471.26;22214393.82
SANTABARBARADOESTE;864840106.83;443025671.26;438403036.68
SANTABRANCA;89862422.49;42047161.69;40867571.05
SANTACLARADOESTE;40938966.18;18604924.54;18322111.10
SANTACRUZDACONCEICAO;45664899.90;20851665.70;20796899.30
SANTACRUZDAESPERANCA;27741030.95;12313440.76;11956836.16
SANTACRUZDASPALMEIRAS;131022606.97;56543713.04;53371933.46
SANTACRUZDORIOPARDO;303604875.48;141322327.13;138583546.20
SANTAERNESTINA;36580671.60;19911049.37;19279242.68
SANTAFEDOSUL;343193193.15;174434102.00;151433252.37
SANTAGERTRUDES;209446124.23;111542190.43;91669324.54
SANTAISABEL;278655379.67;110019179.03;106549209.50
SANTALUCIA;39119705.49;20157990.67;19885983.49
SANTAMARIADASERRA;48544136.84;18734009.92;18580050.58
SANTAMERCEDES;33141502.32;15691255.69;15269100.11
SANTANADAPONTEPENSA;28644883.68;11209278.88;11079758.19
SANTANADEPARNAIBA;1525009330.10;762400328.75;708517032.73
SANTARITADOESTE;35243371.75;17489681.47;14265016.38
SANTARITADOPASSAQUATRO;160714355.95;82879579.36;66154209.74
SANTAROSADEVITERBO;122438715.85;58707545.89;58362771.68
SANTASALETE;27803302.54;13063696.60;11725497.17
SANTOANASTACIO;104844618.48;45953264.49;45248143.12
SANTOANDRE;4188072642.68;1615321492.52;1128310608.32
SANTOANTONIODAALEGRIA;49175842.38;23617395.75;23235933.74
SANTOANTONIODEPOSSE;195909190.64;93188488.91;81781790.00
SANTOANTONIODOARACANGUA;82501622.56;45256087.79;43440288.22
SANTOANTONIODOJARDIM;38703930.40;17906154.73;17669423.49
SANTOANTONIODOPINHAL;55601362.34;25594328.97;24641625.85
SANTOEXPEDITO;27461075.26;13379766.48;13212193.16
SANTOPOLISDOAGUAPEI;33190459.72;15226396.28;14934383.39
SANTOS;5192914968.29;2566271712.05;1828418194.24
SAOBENTODOSAPUCAI;60453206.95;29834313.13;29805633.13
SAOBERNARDODOCAMPO;6124383398.97;2234073604.87;1453882967.53
SAOCAETANODOSUL;2475616035.91;937689153.23;894019761.77
SAOCARLOS;1541838160.44;668678143.48;654272776.17
SAOFRANCISCO;32612713.26;16877504.87;11911937.90
SAOJOAODABOAVISTA;609762894.48;297033010.82;193963600.34
SAOJOAODASDUASPONTES;32128772.59;16150261.52;12286547.15
SAOJOAODEIRACEMA;31171969.60;17005551.16;13964919.31
SAOJOAODOPAUDALHO;25917122.38;13779756.90;13222629.29
SAOJOAQUIMDABARRA;259306503.59;117998525.17;110201539.94
SAOJOSEDABELAVISTA;42623997.26;26080300.17;23895745.56
SAOJOSEDOBARREIRO;45089849.60;23855965.70;23477927.23
SAOJOSEDORIOPARDO;357319805.19;192610681.51;124446740.82
SAOJOSEDORIOPRETO;3103268054.43;1249604965.24;963799088.57
SAOJOSEDOSCAMPOS;5046568546.33;2071953744.56;1209138127.33
SAOLOURENCODASERRA;84191685.08;41374870.74;40952610.92
SAOLUIZDOPARAITINGA;68496070.11;33247892.99;31751084.18
SAOMANUEL;232909260.89;113004503.94;81833300.22
SAOMIGUELARCANJO;137485366.22;64631814.31;64283651.38
SAOPEDRO;241500224.76;88732564.80;85906610.56
SAOPEDRODOTURVO;64125335.20;28914065.95;28757374.02
SAOROQUE;583298929.76;282935193.30;234853977.86
SAOSEBASTIAO;1645404064.40;779472587.53;564700552.44
SAOSEBASTIAODAGRAMA;60971769.19;27508052.77;26417812.77
SAOSIMAO;92104238.08;45078986.17;44497359.33
SAOVICENTE;1714561440.85;960050139.64;729108535.70
SARAPUI;63262721.89;30210179.67;30029806.02
SARUTAIA;34555665.35;15384558.71;15078829.04
SEBASTIANOPOLISDOSUL;46661573.78;26147036.14;22782659.54
SERRAAZUL;54359941.82;28576316.64;26966369.83
SERRANA;228354581.27;124326539.66;103556629.30
SERRANEGRA;193343163.26;74672569.69;63414397.28
SERTAOZINHO;796901813.96;405401367.97;313356635.15
SETEBARRAS;82976407.46;30771518.59;30769241.59
SEVERINIA;114146686.70;56626919.27;47923071.23
SILVEIRAS;50689244.64;28489345.69;27751491.03
SOCORRO;205598877.17;87663188.78;87025531.51
SOROCABA;5364053743.89;2446155721.39;1760215113.90
SUDMENNUCCI;63283321.15;29783379.94;29010589.63
SUMARE;1248551102.33;601212390.93;494641273.75
SUZANAPOLIS;43361055.68;22977405.44;20820108.60
SUZANO;1383175992.18;538768586.41;495837786.43
TABAPUA;77876499.30;37447590.74;36503101.55
TABATINGA;92723403.13;44305970.28;41793204.63
TABOAODASERRA;1158723296.30;613016417.65;499827823.29
TACIBA;60617524.68;30314733.04;30289237.23
TAGUAI;72345369.70;36037872.26;35321215.34
TAIACU;43695956.68;23147759.22;19411558.94
TAIUVA;41038221.69;20562348.18;19723281.35
TAMBAU;138764229.76;66019786.93;52444685.13
TANABI;145436925.38;63456475.96;62428469.06
TAPIRAI;50522467.34;22502349.82;22441364.02
TAPIRATIBA;81708905.72;46627209.38;34973032.67
TAQUARAL;24670651.37;13048771.63;12923732.96
TAQUARITINGA;333742016.42;201067060.55;155265792.20
TAQUARITUBA;172375791.27;75693570.31;59883867.36
TAQUARIVAI;53872679.60;27722103.87;27597556.52
TARABAI;45598618.72;24891634.97;24878161.07
TARUMA;117260953.07;56917362.41;50477350.30
TATUI;589901887.01;283626197.59;246156853.07
TAUBATE;2141117046.35;1189166539.46;901195902.27
TEJUPA;37416959.45;19018144.86;18417982.09
TEODOROSAMPAIO;135922682.55;56677278.67;54497492.46
TERRAROXA;53570741.87;29745238.65;27189023.09
TIETE;250216837.25;119559024.10;116972828.48
TIMBURI;32182241.24;15101000.81;14709985.96
TORREDEPEDRA;29068973.06;11887177.16;11596862.17
TORRINHA;55098678.74;23657891.24;23604629.98
TRABIJU;24833668.37;11711396.44;11483660.66
TREMEMBE;217040008.63;102725970.70;95361731.98
TRESFRONTEIRAS;40529177.20;19946710.60;19839097.42
TUIUTI;41005996.21;18338500.46;18298891.09
TUPA;315737682.98;129804446.74;123412801.30
TUPIPAULISTA;88140079.70;39051698.87;37422844.51
TURIUBA;33055864.98;17538220.03;13849345.89
TURMALINA;34546438.67;19850350.52;14095952.29
UBARANA;52437064.60;24871908.87;24168981.80
UBATUBA;763520077.17;335095145.34;264978068.72
UBIRAJARA;41613582.72;19291397.50;19131146.59
UCHOA;79936845.92;39669564.34;31341035.58
UNIAOPAULISTA;24378593.69;13887219.40;10451775.19
URANIA;46097288.44;22720057.83;17890087.52
URU;29254701.14;12777670.15;12777670.15
URUPES;97880634.95;48465385.41;42735160.53
VALENTIMGENTIL;83997160.75;41426988.15;36167373.25
VALINHOS;1018690806.97;465497303.00;390260508.51
VALPARAISO;144473644.36;70799580.57;68695476.43
VARGEM;60057187.42;24532164.00;24449974.72
VARGEMGRANDEDOSUL;240793242.24;120724954.24;92786368.27
VARGEMGRANDEPAULISTA;271771602.92;150829528.40;147533958.25
VARZEAPAULISTA;517975833.10;253891393.76;200568063.36
VERACRUZ;59672551.58;24716450.08;21892625.02
VINHEDO;996161912.91;362017333.25;360227254.03
VIRADOURO;117658915.15;58354191.92;52510784.25
VISTAALEGREDOALTO;61861483.32;23273815.60;22543293.60
VITORIABRASIL;25114675.68;11788959.37;11788959.37
VOTORANTIM;705226734.56;385489402.76;274152619.03
VOTUPORANGA;594530352.57;269139535.56;240049739.61
ZACARIAS;43696236.04;22090094.91;18430061.10
