municipio_norm;arrecadacao
ADAMANTINA;319343024.46
ADOLFO;47568372.23
AGUAI;176496607.52
AGUASDAPRATA;56439776.50
AGUASDELINDOIA;173388711.72
AGUASDESANTABARBARA;75317890.75
AGUASDESAOPEDRO;57021754.75
AGUDOS;238108817.50
ALAMBARI;45662433.31
ALFREDOMARCONDES;37537206.44
ALTAIR;40343014.29
ALTINOPOLIS;133616045.55
ALTOALEGRE;39560955.46
ALUMINIO;148846792.88
ALVARESFLORENCE;39265938.74
ALVARESMACHADO;136780653.14
ALVARODECARVALHO;32783834.11
ALVINLANDIA;30792888.26
AMERICANA;1505487756.45
AMERICOBRASILIENSE;182805268.98
AMERICODECAMPOS;48963619.52
AMPARO;505805227.91
ANALANDIA;56616792.83
ANDRADINA;332702811.17
ANGATUBA;158294611.80
ANHEMBI;58038427.44
ANHUMAS;43368141.57
APARECIDA;229340018.12
APARECIDADOESTE;40591556.73
APIAI;161444194.69
ARACARIGUAMA;250726451.86
ARACATUBA;1039845138.83
ARACOIABADASERRA;246661944.71
ARAMINA;47356125.14
ARANDU;79258572.90
ARAPEI;38694729.49
ARARAQUARA;1656695189.43
ARARAS;955706957.69
ARCOIRIS;30462924.34
AREALVA;58351532.48
AREIAS;44032074.65
AREIOPOLIS;62550896.53
ARIRANHA;66085863.59
ARTURNOGUEIRA;320552782.81
ARUJA;679144096.51
ASPASIA;29500241.18
ASSIS;637155071.40
ATIBAIA;1292291435.80
AURIFLAMA;91490802.23
AVAI;49231535.84
AVANHANDAVA;76868223.85
AVARE;559854387.56
BADYBASSITT;180404016.58
BALBINOS;30202685.61
BALSAMO;61222515.58
BANANAL;73706685.01
BARAODEANTONINA;38880593.51
BARBOSA;49606258.68
BARIRI;195908115.95
BARRABONITA;218228090.47
BARRADOCHAPEU;51556193.67
BARRADOTURVO;74465230.81
BARRETOS;1188397239.13
BARRINHA;166168734.85
BARUERI;5795920735.36
BASTOS;146180114.36
BATATAIS;354858921.61
BAURU;2071230070.19
BEBEDOURO;481577008.16
BENTODEABREU;39125281.05
BERNARDINODECAMPOS;77504353.17
BERTIOGA;1059270343.45
BILAC;58876433.90
BIRIGUI;703698500.60
BIRITIBAMIRIM;172351628.99
BOAESPERANCADOSUL;103634154.37
BOCAINA;69554384.61
BOFETE;90203698.07
BOITUVA;458780688.88
BOMJESUSDOSPERDOES;174861590.20
BOMSUCESSODEITARARE;39497787.60
BORA;27064020.44
BORACEIA;45713617.37
BORBOREMA;108103294.27
BOREBI;40815439.67
BOTUCATU;801048228.14
BRAGANCAPAULISTA;1136324563.11
BRAUNA;44017353.46
BREJOALEGRE;31746742.37
BRODOWSKI;201991976.20
BROTAS;206575967.96
BURI;155759992.64
BURITAMA;144152125.25
BURITIZAL;51441944.26
CABRALIAPAULISTA;39506098.70
CABREUVA;391128638.06
CACAPAVA;496731216.87
CACHOEIRAPAULISTA;145171802.97
CACONDE;100799157.37
CAFELANDIA;117092964.76
CAIABU;38534334.82
CAIEIRAS;542536795.05
CAIUA;50979775.59
CAJAMAR;1197968226.53
CAJATI;210992850.13
CAJOBI;67237334.30
CAJURU;129999958.98
CAMPINADOMONTEALEGRE;47571156.67
CAMPINAS;10066559441.91
CAMPOLIMPOPAULISTA;379368827.50
CAMPOSDOJORDAO;415149858.74
CAMPOSNOVOSPAULISTA;55995137.23
CANANEIA;103387912.19
CANAS;42462686.53
CANDIDOMOTA;207134361.92
CANDIDORODRIGUES;35685917.74
CANITAR;41926249.56
CAPAOBONITO;295222447.38
CAPELADOALTO;133732827.90
CAPIVARI;410813396.39
CARAGUATATUBA;1445494090.76
CARAPICUIBA;1045594424.73
CARDOSO;89028412.32
CASABRANCA;207822397.16
CASSIADOSCOQUEIROS;34135550.22
CASTILHO;181513058.69
CATANDUVA;769573850.51
CATIGUA;43463425.08
CEDRAL;89811426.76
CERQUEIRACESAR;137647539.87
CERQUILHO;284891015.90
CESARIOLANGE;120432660.55
CHARQUEADA;107947815.44
CHAVANTES;73441660.97
CLEMENTINA;55979012.61
COLINA;167702290.87
COLOMBIA;86264746.50
CONCHAL;202007852.58
CONCHAS;103776710.45
CORDEIROPOLIS;300337748.23
COROADOS;44292137.55
CORONELMACEDO;52702427.35
CORUMBATAI;55830924.26
COSMOPOLIS;342284163.84
COSMORAMA;64284875.42
COTIA;1754349781.48
CRAVINHOS;297821567.26
CRISTAISPAULISTA;62526816.96
CRUZALIA;37051148.25
CRUZEIRO;395094792.47
CUBATAO;1907711036.18
CUNHA;128167863.59
DESCALVADO;215839406.17
DIADEMA;2054603484.76
DIRCEREIS;29328953.22
DIVINOLANDIA;71107792.33
DOBRADA;46869472.38
DOISCORREGOS;161031515.03
DOLCINOPOLIS;30615475.89
DOURADO;70633917.49
DRACENA;258663572.12
DUARTINA;75808187.54
DUMONT;67451232.28
ECHAPORA;51819932.32
ELDORADO;98899320.62
ELIASFAUSTO;139988552.56
ELISIARIO;36243441.18
EMBAUBA;29777505.08
EMBUDASARTES;1401115620.37
EMBUGUACU;308716833.37
EMILIANOPOLIS;32737978.24
ENGENHEIROCOELHO;124031954.58
ESPIRITOSANTODOPINHAL;219906819.23
ESPIRITOSANTODOTURVO;45841196.89
ESTIVAGERBI;81268845.75
ESTRELADOESTE;80439575.40
ESTRELADONORTE;33794280.32
EUCLIDESDACUNHAPAULISTA;57938690.78
FARTURA;114596406.15
FERNANDOPOLIS;394113867.70
FERNANDOPRESTES;52646961.83
FERNAO;28350355.53
FERRAZDEVASCONCELOS;757803719.10
FLORARICA;26600517.08
FLOREAL;35375771.70
FLORIDAPAULISTA;65060592.77
FLORINEA;44546137.91
FRANCA;1465362645.63
FRANCISCOMORATO;673010176.44
FRANCODAROCHA;726755246.01
GABRIELMONTEIRO;33869261.91
GALIA;47786118.29
GARCA;280516563.60
GASTAOVIDIGAL;33906143.09
GAVIAOPEIXOTO;84076604.79
GENERALSALGADO;86008474.92
GETULINA;63302908.44
GLICERIO;45303191.81
GUAICARA;72317890.13
GUAIMBE;46697609.06
GUAIRA;320312078.15
GUAPIACU;140580812.56
GUAPIARA;102638153.13
GUARA;135563617.13
GUARACAI;62680344.65
GUARACI;100825983.05
GUARANIDOESTE;29781273.76
GUARANTA;53685601.33
GUARARAPES;193861451.51
GUARAREMA;399954789.27
GUARATINGUETA;659280371.65
GUAREI;92236580.36
GUARIBA;212636924.23
GUARUJA;2736132297.65
GUARULHOS;6972243512.43
GUATAPARA;59655922.07
GUZOLANDIA;38534106.18
HERCULANDIA;63168239.24
HOLAMBRA;161779808.02
HORTOLANDIA;1629256383.86
IACANGA;90575095.75
IACRI;44570014.16
IARAS;70022930.75
IBATE;170922134.32
IBIRA;83663554.89
IBIRAREMA;54350129.71
IBITINGA;327760520.80
IBIUNA;400762399.91
ICEM;79925270.14
IEPE;69785266.23
IGARACUDOTIETE;112192079.01
IGARAPAVA;174801639.25
IGARATA;101348953.00
IGUAPE;199799753.22
ILHABELA;857272578.65
ILHACOMPRIDA;158097105.25
ILHASOLTEIRA;226938946.72
INDAIATUBA;2565322766.10
INDIANA;36037886.34
INDIAPORA;44071598.37
INUBIAPAULISTA;33933591.37
IPAUSSU;96504794.53
IPERO;220406241.45
IPEUNA;64622159.91
IPIGUA;44875471.42
IPORANGA;51565565.15
IPUA;111830181.90
IRACEMAPOLIS;167919124.94
IRAPUA;50222891.72
IRAPURU;40956920.50
ITABERA;129588310.73
ITAI;212896787.66
ITAJOBI;130607168.22
ITAJU;39742065.33
ITANHAEM;776100331.09
ITAOCA;41778879.95
ITAPECERICADASERRA;821446191.91
ITAPETININGA;855996428.17
ITAPEVA;646946984.57
ITAPEVI;1188616145.08
ITAPIRA;484402031.57
ITAPIRAPUAPAULISTA;41034501.25
ITAPOLIS;252895748.67
ITAPORANGA;83817522.65
ITAPUI;102723645.17
ITAPURA;49421769.43
ITAQUAQUECETUBA;1414863473.08
ITARARE;231820030.05
ITARIRI;96865157.71
ITATIBA;866459587.33
ITATINGA;135447647.42
ITIRAPINA;157259418.43
ITIRAPUA;39860424.93
ITOBI;42672201.33
ITU;1383374230.12
ITUPEVA;644199807.45
ITUVERAVA;281484000.91
JABORANDI;61991958.93
JABOTICABAL;514664193.77
JACAREI;1567579692.75
JACI;63374316.28
JACUPIRANGA;113172244.00
JAGUARIUNA;770622306.61
JALES;284476917.53
JAMBEIRO;63328447.97
JANDIRA;570695130.37
JARDINOPOLIS;271395181.70
JARINU;324188520.46
JAU;731942781.10
JERIQUARA;38788858.70
JOANOPOLIS;108809089.56
JOAORAMALHO;42087812.86
JOSEBONIFACIO;216940171.47
JULIOMESQUITA;38396174.02
JUMIRIM;42495324.59
JUNDIAI;4001322757.39
JUNQUEIROPOLIS;133047976.80
JUQUIA;113962125.36
JUQUITIBA;168575186.42
LAGOINHA;43370530.83
LARANJALPAULISTA;178425235.24
LAVINIA;65796542.20
LAVRINHAS;50061210.27
LEME;637075073.92
LENCOISPAULISTA;567639584.73
LIMEIRA;1979032302.29
LINDOIA;66163099.24
LINS;414090381.21
LORENA;418922453.27
LOURDES;31048320.74
LOUVEIRA;638882039.05
LUCELIA;103173154.28
LUCIANOPOLIS;31371801.44
LUISANTONIO;131340051.89
LUIZIANIA;38353019.08
LUPERCIO;37670261.78
LUTECIA;36275121.24
MACATUBA;128922976.94
MACAUBAL;55674291.54
MACEDONIA;47655139.01
MAGDA;40466791.70
MAIRINQUE;294774182.71
MAIRIPORA;573267142.05
MANDURI;64003296.96
MARABAPAULISTA;43810701.40
MARACAI;100688619.24
MARAPOAMA;39114351.26
MARIAPOLIS;30997957.85
MARILIA;1486727755.29
MARINOPOLIS;28791033.44
MARTINOPOLIS;146991541.78
MATAO;425012446.17
MAUA;1834352665.41
MENDONCA;59814551.51
MERIDIANO;55764333.95
MESOPOLIS;31099222.51
MIGUELOPOLIS;151765986.74
MINEIROSDOTIETE;67904105.25
MIRACATU;151072726.68
MIRAESTRELA;42080697.93
MIRANDOPOLIS;143345647.04
MIRANTEDOPARANAPANEMA;148419022.41
MIRASSOL;354300027.66
MIRASSOLANDIA;39844742.93
MOCOCA;366497606.16
MOGIDASCRUZES;2782470536.21
MOGIGUACU;947521986.70
MOGIMIRIM;770168766.12
MOMBUCA;38784588.32
MONCOES;39349816.25
MONGAGUA;434863242.33
MONTEALEGREDOSUL;58612157.44
MONTEALTO;280597462.14
MONTEAPRAZIVEL;131538376.29
MONTEAZULPAULISTA;144146126.32
MONTECASTELO;40473996.45
MONTEIROLOBATO;38583994.18
MONTEMOR;444796700.67
MORROAGUDO;238982424.73
MORUNGABA;103790161.00
MOTUCA;38779029.60
MURUTINGADOSUL;38334845.31
NANTES;38783381.42
NARANDIBA;71948172.63
NATIVIDADEDASERRA;58076369.21
NAZAREPAULISTA;126060860.11
NEVESPAULISTA;57449790.73
NHANDEARA;74731566.80
NIPOA;37014872.90
NOVAALIANCA;52581024.04
NOVACAMPINA;72394491.48
NOVACANAAPAULISTA;31921831.79
NOVACASTILHO;32330122.12
NOVAEUROPA;71929931.15
NOVAGRANADA;107417415.01
NOVAGUATAPORANGA;29261659.72
NOVAINDEPENDENCIA;54857560.87
NOVAIS;44755735.38
NOVALUZITANIA;33106431.87
NOVAODESSA;384744095.63
NOVOHORIZONTE;251484512.65
NUPORANGA;70493106.33
OCAUCU;39761887.30
OLEO;31214684.58
OLIMPIA;436691207.14
ONDAVERDE;55495857.63
ORIENTE;43223246.51
ORINDIUVA;78068141.00
ORLANDIA;280105090.93
OSASCO;5337705886.54
OSCARBRESSANE;33591324.21
OSVALDOCRUZ;150585808.87
OURINHOS;667121221.13
OUROESTE;125220990.38
OUROVERDE;53438173.71
PACAEMBU;73836032.03
PALESTINA;91465307.91
PALMARESPAULISTA;54778396.07
PALMEIRADOESTE;56448644.93
PALMITAL;155646041.29
PANORAMA;90963368.27
PARAGUACUPAULISTA;327645890.39
PARAIBUNA;137220790.92
PARAISO;62478282.33
PARANAPANEMA;188565741.97
PARANAPUA;36792490.18
PARAPUA;77766333.83
PARDINHO;71835702.04
PARIQUERAACU;105360548.27
PARISI;36964818.78
PATROCINIOPAULISTA;116046612.06
PAULICEIA;69965901.37
PAULINIA;2863521652.24
PAULISTANIA;36160117.45
PAULODEFARIA;70637837.16
PEDERNEIRAS;272354257.80
PEDRABELA;43599423.37
PEDRANOPOLIS;36654611.95
PEDREGULHO;112941136.89
PEDREIRA;284643272.50
PEDRINHASPAULISTA;40828279.49
PEDRODETOLEDO;81192917.99
PENAPOLIS;411055926.41
PEREIRABARRETO;174742282.33
PEREIRAS;53650051.09
PERUIBE;528559330.91
PIACATU;44360999.11
PIEDADE;255035620.90
PILARDOSUL;168075139.94
PINDAMONHANGABA;974406300.87
PINDORAMA;98748312.81
PINHALZINHO;90629728.05
PIQUEROBI;39643565.01
PIQUETE;61883669.10
PIRACAIA;186234500.30
PIRACICABA;3325550002.11
PIRAJU;170796976.60
PIRAJUI;136524515.63
PIRANGI;69045236.76
PIRAPORADOBOMJESUS;130628094.50
PIRAPOZINHO;142678353.57
PIRASSUNUNGA;427314089.89
PIRATININGA;100677475.51
PITANGUEIRAS;228496500.27
PLANALTO;46009542.20
PLATINA;46819789.29
POA;531927682.39
POLONI;42114542.24
POMPEIA;179958678.05
PONGAI;40726810.51
PONTAL;214332906.24
PONTALINDA;38685924.82
PONTESGESTAL;43557748.70
POPULINA;42658669.49
PORANGABA;65342808.37
PORTOFELIZ;564569317.01
PORTOFERREIRA;391322492.35
POTIM;104175185.11
POTIRENDABA;133154159.39
PRACINHA;25623132.75
PRADOPOLIS;129437896.00
PRAIAGRANDE;2729783574.99
PRATANIA;47954706.87
PRESIDENTEALVES;37969507.85
PRESIDENTEBERNARDES;92300458.18
PRESIDENTEEPITACIO;220050081.57
PRESIDENTEPRUDENTE;1268742900.38
PRESIDENTEVENCESLAU;206961972.89
PROMISSAO;207866738.99
QUADRA;42976090.22
QUATA;98357702.40
QUEIROZ;54977594.55
QUELUZ;71453831.52
QUINTANA;56539618.34
RAFARD;70257697.88
RANCHARIA;208229686.29
REDENCAODASERRA;37446253.70
REGENTEFEIJO;128324637.01
REGINOPOLIS;54123902.70
REGISTRO;360283190.47
RESTINGA;56701481.09
RIBEIRA;36442584.76
RIBEIRAOBONITO;69516725.29
RIBEIRAOBRANCO;125714948.01
RIBEIRAOCORRENTE;45311648.85
RIBEIRAODOSINDIOS;29994008.95
RIBEIRAODOSUL;41797595.53
RIBEIRAOGRANDE;54517123.77
RIBEIRAOPIRES;576315390.51
RIBEIRAOPRETO;4819300021.27
RIFAINA;62414272.17
RINCAO;66415514.14
RINOPOLIS;58412682.33
RIOCLARO;1366478294.87
RIODASPEDRAS;214638588.26
RIOGRANDEDASERRA;171233192.43
RIOLANDIA;85061142.04
RIVERSUL;44113992.81
ROSANA;139506946.86
ROSEIRA;78192480.88
RUBIACEA;37573239.62
RUBINEIA;54719427.44
SABINO;48606924.14
SAGRES;29506092.68
SALES;57991204.78
SALESOLIVEIRA;88546083.55
SALESOPOLIS;97417367.40
SALMOURAO;36273536.72
SALTINHO;67849477.11
SALTO;789899676.17
SALTODEPIRAPORA;294320482.29
SALTOGRANDE;65237178.60
SANDOVALINA;62205279.58
SANTAADELIA;93450303.11
SANTAALBERTINA;53708221.43
SANTABARBARADOESTE;986426546.75
SANTABRANCA;109006268.56
SANTACLARADOESTE;43885694.41
SANTACRUZDACONCEICAO;46816008.95
SANTACRUZDAESPERANCA;31772015.45
SANTACRUZDASPALMEIRAS;144573271.94
SANTACRUZDORIOPARDO;331020312.76
SANTAERNESTINA;41780121.97
SANTAFEDOSUL;356381867.55
SANTAGERTRUDES;231147362.79
SANTAISABEL;297116079.83
SANTALUCIA;42159243.17
SANTAMARIADASERRA;50653169.12
SANTAMERCEDES;33892204.72
SANTANADAPONTEPENSA;29492570.16
SANTANADEPARNAIBA;2028130916.35
SANTARITADOESTE;38179480.35
SANTARITADOPASSAQUATRO;168344675.40
SANTAROSADEVITERBO;126860249.10
SANTASALETE;28640437.83
SANTOANASTACIO;105919702.87
SANTOANDRE;4303410206.09
SANTOANTONIODAALEGRIA;53694073.50
SANTOANTONIODEPOSSE;203707590.61
SANTOANTONIODOARACANGUA;89441141.10
SANTOANTONIODOJARDIM;41932564.08
SANTOANTONIODOPINHAL;66194231.38
SANTOEXPEDITO;27860093.06
SANTOPOLISDOAGUAPEI;36463796.64
SANTOS;5207943887.09
SAOBENTODOSAPUCAI;71968808.69
SAOBERNARDODOCAMPO;6311357128.08
SAOCAETANODOSUL;2585290468.30
SAOCARLOS;1635081039.69
SAOFRANCISCO;30346129.97
SAOJOAODABOAVISTA;632395140.21
SAOJOAODASDUASPONTES;32109271.66
SAOJOAODEIRACEMA;30722249.69
SAOJOAODOPAUDALHO;28565380.85
SAOJOAQUIMDABARRA;275733465.23
SAOJOSEDABELAVISTA;48243830.65
SAOJOSEDOBARREIRO;49710660.26
SAOJOSEDORIOPARDO;349124771.92
SAOJOSEDORIOPRETO;3254831660.77
SAOJOSEDOSCAMPOS;4727234532.35
SAOLOURENCODASERRA;96947390.72
SAOLUIZDOPARAITINGA;75600968.27
SAOMANUEL;254861977.98
SAOMIGUELARCANJO;164772775.19
SAOPEDRO;262975247.32
SAOPEDRODOTURVO;69716730.93
SAOROQUE;612209503.54
SAOSEBASTIAO;1938508631.22
SAOSEBASTIAODAGRAMA;66872244.66
SAOSIMAO;104489629.38
SAOVICENTE;1742944218.73
SARAPUI;70148054.40
SARUTAIA;35323180.09
SEBASTIANOPOLISDOSUL;49120829.34
SERRAAZUL;60840868.78
SERRANA;248472196.85
SERRANEGRA;211168014.62
SERTAOZINHO;938302202.51
SETEBARRAS;92236725.17
SEVERINIA;110553997.71
SILVEIRAS;55102696.74
SOCORRO;218310297.77
SOROCABA;5150615746.93
SUDMENNUCCI;68956196.62
SUMARE;1329326976.86
SUZANAPOLIS;47042410.97
SUZANO;1525791758.00
TABAPUA;82963175.19
TABATINGA;92652605.17
TABOAODASERRA;1342760291.79
TACIBA;69470926.70
TAGUAI;82782590.05
TAIACU;46574627.80
TAIUVA;44472590.28
TAMBAU;160840556.81
TANABI;166012815.46
TAPIRAI;62375330.48
TAPIRATIBA;88913920.70
TAQUARAL;30416798.94
TAQUARITINGA;319701269.18
TAQUARITUBA;185867119.52
TAQUARIVAI;59524841.81
TARABAI;47808222.81
TARUMA;124075274.56
TATUI;709000078.49
TAUBATE;2119423607.80
TEJUPA;39585053.11
TEODOROSAMPAIO;151792433.66
TERRAROXA;56377718.24
TIETE;265980411.40
TIMBURI;38086212.08
TORREDEPEDRA;28817937.40
TORRINHA;58958284.74
TRABIJU;26952704.11
TREMEMBE;242591932.75
TRESFRONTEIRAS;42693453.98
TUIUTI;43641273.74
TUPA;340687387.99
TUPIPAULISTA;92907611.71
TURIUBA;33368726.98
TURMALINA;32934802.77
UBARANA;55703180.96
UBATUBA;807425757.67
UBIRAJARA;42657918.01
UCHOA;84477066.38
UNIAOPAULISTA;27652739.25
URANIA;47466766.96
URU;32069413.95
URUPES;102316650.97
VALENTIMGENTIL;91788431.32
VALINHOS;1100011802.91
VALPARAISO;155972714.84
VARGEM;59908480.65
VARGEMGRANDEDOSUL;244534066.70
VARGEMGRANDEPAULISTA;326644961.65
VARZEAPAULISTA;490209314.65
VERACRUZ;65032141.67
VINHEDO;1035422892.26
VIRADOURO;123820686.40
VISTAALEGREDOALTO;66962781.48
VITORIABRASIL;28497509.08
VOTORANTIM;676238651.44
VOTUPORANGA;661147408.07
ZACARIAS;47203559.65
